ID (blank = new site),Marker Group (blank = own dot),Sort Order (left rail; blank = alphabetical),Region,Latitude,Longitude,Site Name,Short Name,City,Country,Employees,Focus Tag,Core Modality,Intro Headline,Intro Copy (Overview),Contact Headline,Address,Interior Page Image,Virtual Tour Video URL (blank = no Virtual Tour tab),Pillar 1,Pillar 2,Pillar 3,Pillar 4,Capability 1,Capability 1 Icon,Capability 1 Detail (accordion paragraph),Capability 2,Capability 2 Icon,Capability 2 Detail (accordion paragraph),Capability 3,Capability 3 Icon,Capability 3 Detail (accordion paragraph),Capability 4,Capability 4 Icon,Capability 4 Detail (accordion paragraph),Capability 5,Capability 5 Icon,Capability 5 Detail (accordion paragraph),Capability 6,Capability 6 Icon,Capability 6 Detail (accordion paragraph)
forge,,5,americas,39.882,-83.102,Forge Biologics,Gentherapie,"Columbus, Ohio",Vereinigte Staaten,350,AAV & LVV,AAV,Wir beschleunigen die Zukunft der Gentherapie.,"Forge Biologics begleitet Ihr Gentherapie-Programm vom Konzept bis in die Klinik – alles unter einem Dach. Unser Campus in Grove City verbindet Forschung im Labormaßstab, Prozessentwicklung und cGMP-Herstellung, sodass Ihre AAV-Therapie ohne die Übergaben vorankommt, die Programme ausbremsen.",Bringen wir Ihr Programm voran.,"3900 Gantz Road, Grove City, OH 43123, Vereinigte Staaten",assets/photos/forge%20building%20.jpg,https://www.forgebiologics.com/wp-content/uploads/2026/01/Journey_Of_Hope2026.mp4,Wissenschaftliche Innovation,Spezialisierte Expertise,Operative Exzellenz,,AAV-Produktion im Forschungsmaßstab,microscope,Die Blaze-AAV-Produktion in Forschungsqualität von 1 bis 40 L ist ideal für Discovery-Arbeiten wie die Materialherstellung für Proof-of-Concept-Studien oder die Bewertung der Herstellbarkeit von Vektoren. Mit einem skalierbaren Prozess und den firmeneigenen Technologien von Forge erhalten Entwickler in frühen Phasen die Sicherheit eines reibungslosen Wegs zu cGMP.,AAV-Prozessentwicklung,molecule,"Forge verfolgt einen flexiblen Ansatz und holt jedes Programm dort ab, wo es steht: von der umfassenden Prozessentwicklung über unsere etablierte Plattform mit produktspezifischen Optimierungen bis zum Technologietransfer eines bestehenden Prozesses. Jeder Weg ist auf Leistung, Skalierbarkeit und cGMP-Reife ausgelegt.",AAV-cGMP-Herstellung,bioreactor,"Die cGMP-Produktion von Forge – von 50 bis 5.000 L – ist auf Skalierbarkeit, Effizienz und reproduzierbaren Herstellungserfolg ausgelegt. Gestützt auf tiefe technische Expertise nutzt das Team Single-Use-Technologien und optimierte geschlossene Prozesse, um größere Chargen mit hohem Durchsatz und minimaler Variabilität zu produzieren.",Analytische Entwicklung,microscope,"Bei Forge bieten wir über 30 hauseigene AAV-Assays, darunter Potenz, rcAAV, Massenspektrometrie und weitere, um Charakterisierung und Freigabe zu beschleunigen. Das integrierte QC- und QA-Rahmenwerk, gestützt auf cGMP-Konformität und vernetzte Systeme, sichert von Anfang bis Ende eine gleichbleibende, konforme Herstellungsqualität.",AAV-Abfüllung und Endverarbeitung,vial,"Forge bietet ein breites Spektrum an Abfüll- und Endverarbeitungsleistungen für die Anforderungen Ihres Programms. Wir stellen Abfülloptionen für Arzneimittel in halbautomatischen und automatischen Betriebsabläufen bereit, ausgelegt auf unterschiedliche Chargengrößen, Behältertypen und Füllvolumina entsprechend Ihren Produktanforderungen.",,,
belgium,,1,europe,51.001,3.885,Kleine Moleküle,Kleine Moleküle,"Wetteren, Belgien
Balen, Belgien",Belgien,250,"API, HPAPI & kontinuierliche Flusschemie",API,Komplexe Chemie im kommerziellen Maßstab.,"An unserem Standort Wetteren wird anspruchsvolle Kleinmolekül-Chemie zu verlässlicher Versorgung. Von der ersten Prozessentwicklung bis zu kommerziellen Volumina – einschließlich hochwirksamer APIs und kontinuierlicher Flusschemie – entwickeln wir Syntheserouten, die sicher und effizient sind und von Anfang an auf Skalierung ausgelegt sind.",Skalieren Sie Ihr API-Programm mit unserem Small-Molecule-Team.,"Cooppallaan 91, B-9230 Wetteren, Belgien
Japanse-Kerselarenlaan 1, 2490 Balen, Belgien",assets/photos/ajinomoto-drone.jpg,players.brightcove.net/6050660078001/default_default/index.html?videoId=6339493488112,Spezialisierte Expertise,Kompromissloses Qualitätsversprechen,Operative Exzellenz,,API-Prozessentwicklung,benzene,"Routenentwicklung, Prozessdesign, DoE, analytische Entwicklung sowie Sicherheits- und Nachhaltigkeitsbewertungen für robuste, skalierbare Prozesse.",Produktion Phase I & II,bioreactor,"Projekte werden durchgängig über Batch- und kontinuierliche Flussverfahren gesteuert, einschließlich Prozessintensivierung, wo sie Vorteile bringt.",Herstellung hochwirksamer APIs,vial,"Dedizierte HPAPI-Suiten – physisch getrennt von nicht hochwirksamen Abläufen – verbinden fortschrittliche technische Schutzmaßnahmen, strenge Betriebsverfahren und spezialisierte Bedienerschulungen zu einem integrierten Schutzsystem.",Kontinuierliche Flusschemie,molecule,"Unsere derzeitigen Fluss-Plattformtechnologien umfassen besondere Expertise in Hydrierung, Photochemie, Kryochemie und kontinuierlicher Verarbeitung mit CSTR-basierten Architekturen.",,,,,,
osaka,,3,japan,34.836,135.561,"GeneDesign, Inc.",Oligonukleotid,"Osaka, Japan",Japan,200,Oligosynthese,Oligo,Von der Vision zur Wirklichkeit.,"Unser Standort Osaka unterstützt die Oligonukleotid-Herstellung von der Forschung bis zum kommerziellen Maßstab und verbindet die Flexibilität und breite Modalitätsabdeckung der Festphasensynthese mit der Skalierbarkeit von AJIPHASE®, unserer Flüssigphasen-Technologie.",Erkunden Sie Oligowissenschaft mit unserem Team in Osaka.,"7-7-29 Saitoasagi, Ibaraki, Osaka 567-0085, Japan",assets/photos/AJI%20Osaka%202nd%20edit.14_54_01_13.jpg,https://vimeo.com/1174154077/cee1f72eaa?fl=ip&fe=ec,Wissenschaftliche Innovation,Spezialisierte Expertise,Nachhaltigkeit,,Produktion im Forschungsmaßstab,benzene,"Bei Aji Bio-Pharma stellen wir ASOs, siRNAs und eine Vielzahl modifizierter Oligonukleotide her und liefern sie unter strengen Qualitätsspezifikationen, um Forschungsprogramme mit verlässlichem Material zu versorgen.",Klinische Versorgung,bioreactor,"Aji Bio-Pharma bietet ein Full-Service-Paket über Herstellung, Prozess- und analytische Entwicklung – von der ersten GMP-Charge bis zu Programmen in späten klinischen Phasen – und hilft, Kandidaten effizient voranzubringen.",Kommerzielle cGMP-Produktion,vial,Aji Bio-Pharma begleitet Kunden als langfristiger Partner und plant und realisiert die für die regulatorische Zulassung erforderlichen Prozesscharakterisierungspakete und PPQ-Aktivitäten.,Regulatorische Unterstützung,molecule,"Für Scale-up und Umsetzung stellen wir Technologietransfer-Dokumentation bereit – Prozessbeschreibungen, Chargenprotokolle und Risikobewertungen –, um einen reibungslosen Übergang zwischen den Herstellungsstufen zu ermöglichen.",,,,,,
ajicap,R&D,7,japan,35.5186,139.7363,,ADC-Services,"Kawasaki, Japan",Japan,300,Ortsspezifische Konjugation,ADC,ADC- und Biokonjugations-CDMO-Services im Maßstab.,"Die ortsspezifische AJICAP®-Konjugation ist ein innovatives, direkt chemisches Verfahren zur ortsspezifischen Konjugation intakter nativer Antikörper und bietet erhebliche Vorteile für ADCs der nächsten Generation.",Starten Sie ein Gespräch über Auftragsherstellung mit unserem Team in Tokio.,"1-1 Suzuki-cho, Kawasaki-ku, Kawasaki-shi, Kanagawa 210-8681, Japan",assets/photos/Kawasaki%20R%26D%20%28ABL%29%20Building_2.jpg,https://vimeo.com/1174497304/861f047299?fl=ip&fe=ec,Operative Exzellenz,Kompromissloses Qualitätsversprechen,Spezialisierte Expertise,,Stammentwicklung,microscope,"Machbarkeitsstudien und Probenvorbereitung mit AJICAP™ ermöglichen ein schnelles Screening von Antikörpern, Payloads, Konjugationsbedingungen und des Wirkstoff-Antikörper-Verhältnisses (DAR), um optimale Konjugat-Designs zu identifizieren.",Analytische Entwicklung,microscope,"Unsere analytischen Charakterisierungskapazitäten unterstützen Machbarkeitsstudien und Prozessentwicklung durch die Bewertung von Wirkstoff-Antikörper-Verhältnis (DAR), Konjugationsstelle, Reinheit, Aggregation, Stabilität und weiteren kritischen Eigenschaften von ADCs und Biokonjugaten und ermöglichen so eine schnelle Bewertung und Optimierung über die gesamte Forschungsentwicklung.",Prozessentwicklung,vial,"Wir unterstützen die Entwicklung und Optimierung von Antikörper-Konjugationsprozessen, um mit AJICAP™-Technologie reproduzierbare, skalierbare Prozesse zu etablieren – gestützt auf hauseigene analytische Charakterisierung.",Technologietransfer,molecule,Für Programme auf dem Weg zur Herstellung koordinieren wir den Technologietransfer mit qualifizierten globalen CDMO-Partnern und stellen weiterhin AJICAP™-Fachexpertise bereit. Kunden behalten das Eigentum an ihren produktspezifischen Herstellungsprozessen und ihrem geistigen Eigentum.,,,,,,
tokai,,4,japan,34.965,136.624,,Peptidsynthese,"Tokai, Japan",Japan,350,Hybridphasen-Synthese,Peptid,CDMO-Services für Peptidsynthese.,"Unser Standort Tokai stellt hochreine Oligonukleotide und Peptide im großen Maßstab mit unserer firmeneigenen AJIPHASE®-Technologie her – dazu ADCs, AOCs, DACs und GLP-1-Analoga. Hier treffen wegweisende Modalitäten auf Herstellungssicherheit.",Produzieren Sie im großen Maßstab mit unserem Team in Tokai.,"1730 Hinaga-Cho, Yokkaichi-City, Präfektur Mie 510-0885, Japan",assets/photos/AJI%20Tokai%20Site.jpg,https://vimeo.com/1176299017/f34ac971d5?fl=ip&fe=ec,Wissenschaftliche Innovation,Spezialisierte Expertise,Nachhaltigkeit,Operative Exzellenz,GMP-Peptidherstellung,vial,Anders als die traditionelle Festphasen-Peptidsynthese führt AJIPHASE™ die Synthese in Lösung mit Standard-Chemiereaktoren durch. Das ermöglicht effizientes Scale-up und senkt gleichzeitig den Lösungsmittel- und Reagenzienverbrauch. Dieser Ansatz erlaubt skalierbare Peptidherstellung von der Entwicklung bis zur cGMP-Produktion und eignet sich besonders für komplexe und großvolumige Peptidtherapeutika.,Herstellung von GLP-1-Analoga,vial,"AJIPHASE™ unterstützt die GLP-1-Herstellung durch fragmentbasierte Synthesestrategien, die die Prozesseffizienz verbessern und ein Scale-up über konventionelle Festphasenansätze hinaus ermöglichen.",PMO-Konjugate,microscope,Wir bieten integrierte Herstellungskapazitäten für Peptide und Oligonukleotide und sind damit ein einziger Partner für die Entwicklung und cGMP-Versorgung komplexer PPMO-Programme.,Analytische Entwicklung,microscope,"Wir bieten integrierte analytische Entwicklung, Qualitätskontrolle und CMC-Unterstützung mit dedizierten hauseigenen Ressourcen. Dazu gehören Methodenentwicklung und -validierung, Verunreinigungscharakterisierung, Stabilitätsstudien und Freigabeprüfungen mit modernen analytischen Technologien.",,,,,,
india,,2,india,17.686,83.218,API-Produktion,API,"Visakhapatnam, Indien",Indien,225,Kleinmolekül-API,API,"Verlässliche Versorgung, globale Reichweite.","Unser Standort Visakhapatnam stärkt das Kleinmolekül-Netzwerk von Ajinomoto Bio-Pharma mit der Herstellung von APIs und Zwischenprodukten – dieselbe anspruchsvolle Chemie, Hochwirksamkeitskompetenz und Expertise in kontinuierlicher Flusschemie, die unsere Aktivitäten in Wetteren prägen, nun mit zusätzlicher globaler Kapazität.",Erweitern Sie Ihre API-Versorgungskapazität mit unserem Team in Indien.,"Plot No. 121 (part) & 122, Visakha Pharmacity Ltd, SEZ, Parawada, Anakapalli, Andhra Pradesh 531019, Indien",assets/photos/001-campus-aerial-enhanced.png,players.brightcove.net/6050660078001/default_default/index.html?videoId=6339493488112,Operative Exzellenz,Kompromissloses Qualitätsversprechen,Nachhaltigkeit,,API-Prozessentwicklung,benzene,"Routenentwicklung, Prozessdesign, DoE, analytische Entwicklung sowie Sicherheits- und Nachhaltigkeitsbewertungen für robuste, skalierbare Prozesse.",Produktion Phase I & II,vial,"Projekte werden durchgängig über Batch- und kontinuierliche Flussverfahren gesteuert, einschließlich Prozessintensivierung, wo sie Vorteile bringt.",Herstellung im kommerziellen Maßstab,bioreactor,"ABPS agiert als ein integrierter Partner über den gesamten Lebenszyklus kleiner Moleküle. Der Großteil unserer Aktivitäten unterstützt Produkte in Phase III und in der Kommerzialisierung, wo Zuverlässigkeit, Compliance und Versorgungskontinuität entscheidend sind.",,,,,,,,,
protein,R&D,6,japan,35.5186,139.7363,,Protein,"Kawasaki, Japan",Japan,275,VHH & Nanobodies,Protein,Systeme zur Proteinexpression.,Corynex ist unsere innovative Sekretionsplattform auf Basis des endotoxinfreien grampositiven Bakteriums C. glutamicum. Sie verfügt über eine erfolgreiche Historie in der Unterstützung klinischer Studien vieler Kunden.,Starten Sie ein Gespräch über Auftragsherstellung mit unserem Team in Kawasaki.,"1-1 Suzuki-cho, Kawasaki-ku, Kawasaki-shi, Kanagawa 210-8681, Japan",assets/photos/Kawasaki%20with%20edits%20-%20feb%2010%202026.00_00_02_05.jpg,https://vimeo.com/1174768410/a795273d46?fl=ip&fe=ec,,,,,Stammentwicklung,microscope,Stamm-Engineering für die spezifische VHH-Sequenz. Bestätigung von Expression und Sekretion. Erste Titer- und Reinheitsdaten. Nicht-GMP. Dienstleistung von Aji auf Honorarbasis.,Fermentation,vial,"Fermentation von Corynebacterium glutamicum – VHH wird in aktiver Form in das Kulturmedium sekretiert. Keine Lyse, keine Isolierung von Einschlusskörpern.",Prozessentwicklung,vial,USP- und DSP-Optimierung. Entwicklung analytischer Methoden (ICH Q2). Scale-up-Strategie abgestimmt auf die Ziel-GMP-Anlage. Von Nicht-GMP bis GLP.,GMP-Herstellung,vial,Klinische und kommerzielle GMP-Chargen werden bei Richter Biológics oder Olon S.p.A. unter der Prozessaufsicht von Aji Bio-Pharma hergestellt.,Analytische Entwicklung,microscope,"Identität, Reinheit, Potenz, Endotoxine und Stabilität. CoA ausgestellt. Bereit für den nicht-klinischen oder klinischen Einsatz.",,,
